From,To,Sent At,Message,Direction,inviterProfileUrl,inviteeProfileUrl
Robert Schäfer,Lara Atayalp,"6/12/26, 2:36 AM",Hallo! Wir haben zusammen gesessen.  ,OUTGOING,https://www.linkedin.com/in/roschaefer,https://www.linkedin.com/in/lara-atayalp-759496241
Robert Schäfer,Predrag Simonovski,"6/11/26, 6:08 AM",We met together with Greg,OUTGOING,https://www.linkedin.com/in/roschaefer,https://www.linkedin.com/in/predrag-simonovski-783b8960
🏎 Isabella Potasz,Robert Schäfer,"8/3/26, 1:28 AM",,INCOMING,https://www.linkedin.com/in/dealershipimagingexpert,https://www.linkedin.com/in/roschaefer
David Schrade,Robert Schäfer,"7/29/26, 2:09 PM",,INCOMING,https://www.linkedin.com/in/david-schrade,https://www.linkedin.com/in/roschaefer
Daniel Held,Robert Schäfer,"6/25/26, 2:45 AM",,INCOMING,https://www.linkedin.com/in/daniel-held-921b89183,https://www.linkedin.com/in/roschaefer
Lera Nicoletti,Robert Schäfer,"6/25/26, 2:39 AM",,INCOMING,https://www.linkedin.com/in/lera-nicoletti-608a1521a,https://www.linkedin.com/in/roschaefer
Florian Hertwig,Robert Schäfer,"6/25/26, 2:37 AM",,INCOMING,https://www.linkedin.com/in/florian-hertwig-559444134,https://www.linkedin.com/in/roschaefer
Dominika Weber,Robert Schäfer,"6/25/26, 2:35 AM",,INCOMING,https://www.linkedin.com/in/dominika-weber-381757262,https://www.linkedin.com/in/roschaefer
Patrycja Absmeier,Robert Schäfer,"6/25/26, 2:26 AM",,INCOMING,https://www.linkedin.com/in/patrycja-absmeier-655023163,https://www.linkedin.com/in/roschaefer
Matteo Savio,Robert Schäfer,"6/25/26, 2:25 AM",Hallo vom Freelancerteam!,INCOMING,https://www.linkedin.com/in/matteosavio,https://www.linkedin.com/in/roschaefer
Diana Anna Schuler,Robert Schäfer,"6/25/26, 2:24 AM",,INCOMING,https://www.linkedin.com/in/diana-schuler,https://www.linkedin.com/in/roschaefer
Mirija Kilb,Robert Schäfer,"6/25/26, 2:23 AM",,INCOMING,https://www.linkedin.com/in/mirija-kilb,https://www.linkedin.com/in/roschaefer
Tim  Ritter,Robert Schäfer,"6/25/26, 2:20 AM","Hallo Robert,  wir sind aktuell beide im Freelancerteam Call mit drin.  Viele Grüße, Tim",INCOMING,https://www.linkedin.com/in/tim-ritter-,https://www.linkedin.com/in/roschaefer
Jörg Zimmer 🌻,Robert Schäfer,"6/12/26, 8:07 AM",,INCOMING,https://www.linkedin.com/in/joerg-zimmer-seo-sea-freelancer-berlin-spandau,https://www.linkedin.com/in/roschaefer
Georgiy Ushakov,Robert Schäfer,"6/11/26, 3:51 AM","Hi Robert, reaching out about Viktor: an AI agent platform replacing large parts of the SaaS stack with a single AI teammate. They’re hiring engineers (flexible budget) to build agent runtime, infra & integrations at scale (600K+ tool calls/day). More: https://ttjobs.dev/vse1 ",INCOMING,https://www.linkedin.com/in/georgiy-ushakov,https://www.linkedin.com/in/roschaefer
Markus Hinsche,Robert Schäfer,"6/10/26, 1:40 AM",,INCOMING,https://www.linkedin.com/in/markushinsche,https://www.linkedin.com/in/roschaefer
Adrian Wood,Robert Schäfer,"6/4/26, 11:19 PM","Deep Tech - Fighting the Dark Side of AI | Founding Full Stack Developer - 100% Remote  Hi Robert, currently hiring for a VC-funded AI forensics company fighting AI-generated fakes at scale. Backend-focused TS/Node role with real technical ownership + stocks. Thought this could fit.",INCOMING,https://www.linkedin.com/in/adrian-wood-628ab5212,https://www.linkedin.com/in/roschaefer
Ali Babaei,Robert Schäfer,"5/14/26, 11:20 PM",,INCOMING,https://www.linkedin.com/in/ali-babaeii,https://www.linkedin.com/in/roschaefer
Muhammad Usman,Robert Schäfer,"5/13/26, 6:35 AM","Hey Robert, Noticed we share a similar stack Fullstack + AI. Always happy to connect with like-minded developers and maybe exchange some ideas. Would be great to have you in my network.  Regard, Usman",INCOMING,https://www.linkedin.com/in/musman088,https://www.linkedin.com/in/roschaefer
Yurii Lazaruk,Robert Schäfer,"4/29/26, 10:49 AM","Hey Robert, since you have a ticket for the Freelance Unlocked conference on June 11-12th, let's connect here, too 😉🤗🤩",INCOMING,https://www.linkedin.com/in/yurii-lazaruk-community-consultant,https://www.linkedin.com/in/roschaefer
"Eric Guimatsia, MBA",Robert Schäfer,"4/16/26, 11:00 AM",,INCOMING,https://www.linkedin.com/in/guimatsia,https://www.linkedin.com/in/roschaefer
Sebastian Serth,Robert Schäfer,"4/6/26, 1:07 AM",,INCOMING,https://www.linkedin.com/in/sebastianserth,https://www.linkedin.com/in/roschaefer
Kai Rollmann,Robert Schäfer,"3/31/26, 8:13 AM",,INCOMING,https://www.linkedin.com/in/kairollmann,https://www.linkedin.com/in/roschaefer
Abdul Mueed Shahbaz,Robert Schäfer,"2/27/26, 5:34 AM",,INCOMING,https://www.linkedin.com/in/-abdulmueed,https://www.linkedin.com/in/roschaefer
