Content Title,Content Description,Content Type,Content Last Watched Date (if viewed),Content Completed At (if completed),Content Saved,Notes taken on videos (if taken),
Cert Prep: Unity Certified Associate Game Developer UI and 2D Games,"Got a great idea for a 2D game? In this course, explore the fundamentals of user interfaces, animation, and level design in Unity as you learn how to create a 2D game of your own. The concepts covered in this course can also help you prepare to tackle the sections of the Unity Certified Associate: Game Developer exam that focus on user interfaces and 2D gaming. Instructor Alan Thorn covers the basics of creating a user interface, explaining how to make labels and buttons that allow users to interact with your scenes. He also goes into the fundamentals of creating sprite animations, configuring your 2D world, and working with 2D tiles.",Course,2022-02-28 13:03 UTC,N/A,false,N/A,
Writing a Tech Resume,"When you apply for technology jobs, your resume is your opportunity to stand out from the crowd. Emma Bostian shows you how to showcase your technology skills, framing them to impress recruiters and potential employers. Discover how to tailor the content and length to catch a hiring manager’s eye. Learn how to leverage minor design details like spacing, font choice, and color palette to differentiate your resume from the rest, without stepping too far out. Plus, learn how to create a professional online presence on the platforms tech recruiters use most: LinkedIn and GitHub.",Course,2021-06-03 12:21 UTC,N/A,false,N/A,
Ethical Hacking: Enumeration (2019),"Ethical hacking is one of the most desired stills for any IT security professional. White hat hackers can detect, prevent, and mitigate network intrusions and data theft: a critical liability for any company that does business online or in the cloud. This course introduces to the concept of enumeration—identifying the resources on a host or network, including user names, ports and services, policies, and more. It covers protocol, process, and service enumeration on Windows and Linux, and maps to the Enumeration competency from the Certified Ethical Hacker (CEH)  body of knowledge. Malcolm discusses host profiling, enumerating protocols (such as SMB, RPC, and SNMP), and enumerating the Internet, and concludes with demos of third-party tools organizations can use to mitigate risk, including SuperScan, NetScan Pro, and JXplorer.<br><br>

An overview of the CEH exam, blueprint, and eligibility criteria can be found at <a href=""https://www.eccouncil.org/programs/certified-ethical-hacker-ceh/"" target=""_blank"">https://www.eccouncil.org/programs/certified-ethical-hacker-ceh/</a>.",Course,2021-03-18 10:28 UTC,N/A,false,N/A,
Composable SwiftUI Architecture Using Redux: 1 Introduction,"Do you need to learn about the Redux design pattern and the problems it solves for building applications? Instructor Mohammad Azam has you covered. In this course, he introduces Redux.js.org and shows you how it is applied, the types of problems it solves, and how it interacts with the view hierarchy. Mohammad explains the Redux flow diagram, store reducers, state actions, and middleware, to give you a clearer picture of the complete Redux architecture. He walks you through building an application that changes the global state, then covers how and why to combine reducers. Plus, Mohammad shows you how to implement a simple middleware in your application.
 <br><br>
Note: This course was created by Mohammad Azam. We are pleased to host this training in our library.",Course,2023-09-14 16:55 UTC,N/A,false,N/A,
"Java for All Platforms: Desktop, Web, and Mobile Development","<p>Are you interested in learning more about Java so you can develop applications for desktop, web, and mobile platforms? In this course, Todd Perkins provides a structured guide to Java application development, from choosing an IDE and creating a user interface, to coding for Android and unit testing.</p><p>Explore the basic building blocks of the Java language: variables, functions, arrays, conditional statements, and classes. Get tips on creating your user interface with JavaFX as your tool. Learn how to use Spring to build APIs and manage deployment of Java applications via server-side programming with JSON data, Tomcat, JavaServer Pages, and more. By the end of this course, you’ll have the skills you need to create simple desktop, web, and mobile Java apps, optimizing your Android development workflow with testing, debugging, and dependency management tools.</p>",Course,2026-03-27 13:31 UTC,N/A,false,N/A,
"How to Work Smarter, Not Harder: Save Time and Money and Increase Productivity","More and more people are working from home, managing remote teams, and juggling multiple projects. The time is now to learn how to work smarter, not harder. Luckily, today’s technology makes it easier than ever to increase productivity and efficiency. This course is for anyone trying to grow their business or move ahead in their career without becoming overwhelmed. Chelsea Krost provides tangible tips, tools, and techniques to increase overall productivity and give you back precious time in the day. Learn how to embrace the mindset of successful entrepreneurs and small business owners, manage your time effectively, tackle your to-do list, leverage automation and delegation, and power up your social media, content marketing, and branding strategies to direct more attention and traffic to your business. Each tool and workflow has been tested by Chelsea and her clients—and the skills taught apply to any industry. Start watching and working smarter today.",Course,2021-05-02 13:32 UTC,N/A,false,N/A,
Learning JavaFX GUI Development,"JavaFX is the standard tool for GUI development (replacing Swing in Java SE), and the next step in the evolution of Java. Learn how to use JavaFX to develop your own interfaces for enterprise apps in these lessons from Peggy Fisher, our in-house programming expert. She explains how JavaFX connects to other Java APIs, how to use FXML to separate the UI design from the application logic, and how to draw lines and shapes with the 2D class objects. To make your GUIs more interactive, she shows how to apply effects and add images, charts, and animation to your JavaFX projects. Finally, learn how to integrate CSS to customize your JavaFX interface designs. Challenges issued along the way allow you to test your new JavaFX skills as you build them.",Course,2026-02-02 14:48 UTC,N/A,false,N/A,
Cert Prep: Unity Certified Associate Game Developer Materials and Lighting,"Become Unity certified and show employers you have the Unity skills they are looking for. Improve your chances of landing that dream job doing what you love most—making games, architectural visualizations, or films. This course helps you study for the lighting and materials portion of the Unity Certified Associate: Game Developer exam. Instructor Alan Thorn discusses the basics of creating materials, exploring the main render pipelines in Unity 2020, as well as how to work with both URP and HDRP materials. He also helps you get started with lighting, exploring standard and area lights. Then find out how to boost the performance and efficiency of your Unity projects with light mapping, light probes, and occlusion culling. Plus, learn how to apply post-processing effects such as blur, depth of field, and color correction.",Course,2021-09-10 08:44 UTC,N/A,false,N/A,
Responsive Layout,"Responsive design demands that websites adapt to the device they are displayed on. Responsive layout is key, and HTML and CSS now offer features that make it easier than ever to create layouts that will work well on a wide range of devices and screen sizes. In this course, Clarissa Peterson covers the basics of designing responsive website layouts with the latest standards, including CSS Flexbox and Grid. Review the basics, such as working with the position and float properties to adjust the location of elements on screen, and discover how to use media queries to proactively update your layout. Then dive into CSS Grid, including aligning and ordering items within the grid, and find out to work flexbox containers. Finally, learn to build a 12-column design that combines Grid and Flexbox in one layout.",Course,2021-06-20 12:06 UTC,N/A,false,N/A,
