Company Name,Title,Description,Location,Started On,Finished On
Bosse Consulting GmbH,Full Stack Engineer,"With this platform for remotely controlling telescopes through the  astrophotography software NINA, deep-sky imaging gets accessible without  owning expensive hardware or the expertise to operate it. Users select  an astronomical target and book observation time; the application sends  imaging sequences to NINA via Tailscale, which executes them overnight  and delivers the results. The core challenge is turning a Windows-only,  inherently interactive application into a fully autonomous pipeline.",,Mar 2026,
tactile.news,Full Stack Engineer,"This SvelteKit application for AI-assisted interviews and editorial  publishing replaces brittle infrastructure spread across Airtable,  Voiceflow, and additional custom services with a single serverless  application. Using the built-in workflows of ElevenLabs AI Agents  significantly reduces maintenance overhead and complexity while  improving the phone agent's response time by several seconds, which is  crucial for a good user experience.",,Mar 2026,
busFaktor() e.V.,Full Stack Engineer,"Migrated assets from a Kubernetes volume to S3-compatible object storage  to reduce deployment complexity and cost. Rebuilt the infrastructure  with Terraform and sops, and moved from a managed Kubernetes cluster on  Digital Ocean to a self-hosted Kubernetes cluster on Hetzner, cutting  monthly costs by 80%.",,Oct 2024,Nov 2025
IT4C,Full Stack Engineer,"For this free and open-source social platform for entrepreneurs, the  delivery and infrastructure architecture was fundamentally reworked  after deployments had previously been performed manually via a remote  desktop on the target server, regularly causing downtime. Moving the  project to a self-managed Kubernetes setup on Hetzner with Terraform  gave every developer production-like test environments for their own  branches while keeping operating costs extremely low at under 20 euros  per month.",,Jun 2024,Jun 2025
tactile.news,Full Stack Engineer,"Crowdsourced journalism tool for tactile.news, using E-Mail, Telegram and Threema as communication channels. Built with Ruby on Rails, Stimulus JS, View Components, Docker and Traefik.",,Mar 2020,Apr 2025
auteon,Full Stack Engineer,Meta search-engine to enable competition in the automotive aftermarket. Full-Stack development.,,Jun 2021,Sep 2023
Hochschule für Technik und Wirtschaft Berlin,University Lecturer,Design and teach weekly lectures and seminars to about 40 participants of a university course focusing on on fullstack development. Homework assignments are submitted via pull requests on Github and reviewed by mentors.,"Berlin, Germany",Oct 2019,Mar 2021
Human Connection gGmbH,Technical Lead,"Free and Open-Source and donation based social network for active citizenship. Built with VueJS, NuxtJS, Apollo, GraphQL, NodeJS, Neo4J, Docker and Kubernetes.",,Nov 2018,Apr 2020
tactile.news,Full Stack Engineer,"Automate journalism and generate a live report of bee hives based on their sensory data. Built with Ruby on Rails. Won German Reporter Award 2019, Nominated for Grimme Online Award 2020.",,Mar 2019,May 2019
Rundfunk mitbestimmen e.V.,Founder,"Prototype a tool to encourage public participation in the expenditure German broadcasting fees. Built with Ruby on Rails, EmberJS, D3 and Highcharts.",Berlin,Aug 2016,Mar 2019
MIZ Babelsberg,Programming Mentor,Coach a beginner friendly programming course to encourage diversity in tech.,Potsdam,Sep 2015,Nov 2018
Solutiance,Back End Developer,Custom CMS development using PHP and Docker with a focus on search engine optimization.,,Apr 2018,Jun 2018
tactile.news,IoT Engineer,"Rapid prototype of a smart bathroom mirror and cabinet. Built with several Raspberry PI Zeros and Arduinos, plain HTML/JavaScript and MQTT.","Lunenburg, Lower Saxony, Germany",Jan 2018,Jan 2018
tactile.news,Full Stack Engineer,Automate journalism and generate a live report of dairy cows based on their sensory data. Built with Ruby on Rails. Nominated for German Reporter Award 2017,,May 2016,Oct 2017
tactile.news,IoT Engineer,"Rapid prototype of a smart shopping cart. Built with a Raspberry Pi, EmberJS, Python and WebSockets.",,Jun 2017,Jun 2017
MIZ Babelsberg,Hackathon Coach,"Prototype an interactive, decision-based podcast.",Potsdam,Sep 2016,Sep 2016
MIZ Babelsberg,Hackathon Coach,Prototype a location aware music player.,"Potsdam, Brandenburg, Germany",Aug 2016,Aug 2016
MIZ Babelsberg,Hackathon Coach,#ursuppe - IoT app for automated journalism based on scientific experiments. Winner of MIZ Formatfestival 2015.,,Aug 2015,Aug 2015
SAP,Research Internship,Tool development for automated risk analysis in supply chains. Legacy code.,"Belfast, United Kingdom",Oct 2013,Nov 2013
OXON AG,Full Stack Engineer,"Develop a web application for officials, referees and coaches with Ruby on Rails and CoffeeScript. First developer who established an automated test environment.","Bern, Berne, Switzerland",Apr 2013,Sep 2013
Hasso Plattner Institute,Researcher,Implementation of a business process and web application as specified by SAP as a use case for the HANA in-memory database.,,Jan 2012,Aug 2012
